run_id,station_code,channel_code,method,train_start,train_end,n_points,rmse,mae,diff_std_before,diff_std_after,correlation
33407025-6a78-4368-abd1-b5d827e18d1d,KAK,F,butter_bandpass,2024-01-01 00:00:00+00:00,2024-01-31 23:59:00+00:00,44640,46894.709698539984,46894.7084978933,0.2574706204079372,0.1852472505462779,0.11803378428464559
559d155b-5cf2-4694-be40-4d74e176d04f,KAK,F,butter_lowpass,2024-01-01 00:00:00+00:00,2024-01-31 23:59:00+00:00,44640,0.36945356839551574,0.24027095840758542,0.2574706204079372,0.14346681966518562,0.9994019937240166
96e730bd-35d3-47af-9fbb-d3f4d9f24f82,KAK,F,kalman,2024-01-01 00:00:00+00:00,2024-01-31 23:59:00+00:00,44640,0.628321516941766,0.44766113354559844,0.2574706204079372,0.1571004615440986,0.9982693719302944
1ee35657-a55a-434c-a754-ea948bebdb67,KAK,F,median,2024-01-01 00:00:00+00:00,2024-01-31 23:59:00+00:00,44640,0.09205684312203388,0.040860215053768,0.2574706204079372,0.22407213753507169,0.9999628925162948
d569ad0f-a4f0-493a-aef8-c773b6c3c8f9,KAK,F,wavelet,2024-01-01 00:00:00+00:00,2024-01-31 23:59:00+00:00,44640,0.20050170573227394,0.15895658122856202,0.2574706204079372,0.18430952302824982,0.9998298444566724
03b7348d-8a4d-494d-83bd-39ff4501b773,KAK,X,butter_bandpass,2024-01-01 00:00:00+00:00,2024-01-31 23:59:00+00:00,44640,29838.058628515657,29838.057014016034,0.2240075165591954,0.16686646558647336,0.11519034579482598
7c714722-acba-4fb4-a5b8-ac872d887a1b,KAK,X,butter_lowpass,2024-01-01 00:00:00+00:00,2024-01-31 23:59:00+00:00,44640,0.3334017986398471,0.21285415722481021,0.2240075165591954,0.1234114438699162,0.999430431890663
378da260-53f0-4ff5-ba1b-734253a66516,KAK,X,kalman,2024-01-01 00:00:00+00:00,2024-01-31 23:59:00+00:00,44640,0.5452540173355562,0.38107772328262873,0.2240075165591954,0.13632318230958215,0.9984758707873935
447af42d-1dc8-47ac-927a-79601c8787e4,KAK,X,median,2024-01-01 00:00:00+00:00,2024-01-31 23:59:00+00:00,44640,0.07824819498185674,0.03231563620071472,0.2240075165591954,0.19474530228218656,0.9999686379904942
70785370-2834-457a-a653-cd03ae9e6fa3,KAK,X,wavelet,2024-01-01 00:00:00+00:00,2024-01-31 23:59:00+00:00,44640,0.1511057601050393,0.11962390333483396,0.2240075165591954,0.16897095109122423,0.9998861587590747
db9dae3f-6713-491b-9535-045155219430,KAK,Y,butter_bandpass,2024-01-01 00:00:00+00:00,2024-01-31 23:59:00+00:00,44640,4143.698695378805,4143.6847186080195,0.20947927412478748,0.139190344382707,0.09130032317081405
a25a04a1-c85e-47ce-91f7-b4ab7904e47d,KAK,Y,butter_lowpass,2024-01-01 00:00:00+00:00,2024-01-31 23:59:00+00:00,44640,0.26203418895648256,0.17631471741614535,0.20947927412478748,0.14158324739868475,0.9997059893297695
caabb191-df6b-42a5-9a61-baa6b4c2f6f7,KAK,Y,kalman,2024-01-01 00:00:00+00:00,2024-01-31 23:59:00+00:00,44640,0.5922889651387301,0.4200084928721513,0.20947927412478748,0.1480755181736479,0.9984969463386928
0ade9140-86f8-4167-8328-332cb3b842c8,KAK,Y,median,2024-01-01 00:00:00+00:00,2024-01-31 23:59:00+00:00,44640,0.0651841546262342,0.023664874551971277,0.20947927412478748,0.18840141341433414,0.9999818088323086
1dacc506-0b3e-4ffe-ab4f-a061d908cf4a,KAK,Y,wavelet,2024-01-01 00:00:00+00:00,2024-01-31 23:59:00+00:00,44640,0.12609634241836107,0.09961436388302346,0.20947927412478748,0.16936205376965513,0.9999338477187668
dcf89247-0821-4ecc-b753-a82083d16418,KAK,Z,butter_bandpass,2024-01-01 00:00:00+00:00,2024-01-31 23:59:00+00:00,44640,35939.327146992786,35939.32618788189,0.19868683047533775,0.11090268848043772,0.0928252222273392
f9b0c814-64f0-40a7-867e-8113f6ee698c,KAK,Z,butter_lowpass,2024-01-01 00:00:00+00:00,2024-01-31 23:59:00+00:00,44640,0.2242524710019189,0.1553763421859003,0.19868683047533775,0.09881785569090837,0.9996382442086719
c2ec59a9-a43b-48fe-94c0-57963de33052,KAK,Z,kalman,2024-01-01 00:00:00+00:00,2024-01-31 23:59:00+00:00,44640,0.4258599375195572,0.3081796353922982,0.19868683047533775,0.10648677139823569,0.9986947935524081
8278d30d-c76a-4c97-8fbf-5a0487c1f06c,KAK,Z,median,2024-01-01 00:00:00+00:00,2024-01-31 23:59:00+00:00,44640,0.09289981885928521,0.049614695340511474,0.19868683047533775,0.1510323167014334,0.9999379273240795
d5f61782-17fa-48cf-9969-0ef7c615b6fe,KAK,Z,wavelet,2024-01-01 00:00:00+00:00,2024-01-31 23:59:00+00:00,44640,0.18868108117494212,0.14961656705015447,0.19868683047533775,0.11030115003584019,0.9997534082228875
