source,station,url,local_file,file_size_bytes,sha256,downloaded_at,note
INTERMAGNET_HAPI,KAK,https://imag-data.bgs.ac.uk/GIN_V1/hapi/data?dataset=kak%2Fquasi-def%2FPT1M%2Fxyzf&start=2023-01-01T00%3A00%3A00Z&stop=2023-02-01T00%3A00%3A00Z&format=csv,data/raw/intermagnet/intermagnet_KAK_quasi-def_1min_20230101_20230131.csv,2767680,99078b0ba439debd57655a3d253d6e77ccfaa2059891fea53eecad305a30698f,2026-10-04T21:20:18.630606+00:00,"Definitive, 1min, dataset=kak/quasi-def/PT1M/xyzf"
INTERMAGNET_HAPI,KAK,https://imag-data.bgs.ac.uk/GIN_V1/hapi/data?dataset=kak%2Fquasi-def%2FPT1M%2Fxyzf&start=2023-02-01T00%3A00%3A00Z&stop=2023-03-01T00%3A00%3A00Z&format=csv,data/raw/intermagnet/intermagnet_KAK_quasi-def_1min_20230201_20230228.csv,2499840,dbdd2dd12bfcb038bedcb5741eab002fa20c0fdce2ba9284bc324601a48f8f11,2026-10-04T21:20:23.540134+00:00,"Definitive, 1min, dataset=kak/quasi-def/PT1M/xyzf"
INTERMAGNET_HAPI,KAK,https://imag-data.bgs.ac.uk/GIN_V1/hapi/data?dataset=kak%2Fquasi-def%2FPT1M%2Fxyzf&start=2023-03-01T00%3A00%3A00Z&stop=2023-04-01T00%3A00%3A00Z&format=csv,data/raw/intermagnet/intermagnet_KAK_quasi-def_1min_20230301_20230331.csv,2767680,6489e37cd0c91a436307d445c8da41051aba7e851284cb6232f94a2fcd46e1bc,2026-10-04T21:20:29.135773+00:00,"Definitive, 1min, dataset=kak/quasi-def/PT1M/xyzf"
INTERMAGNET_HAPI,KAK,https://imag-data.bgs.ac.uk/GIN_V1/hapi/data?dataset=kak%2Fquasi-def%2FPT1M%2Fxyzf&start=2023-04-01T00%3A00%3A00Z&stop=2023-05-01T00%3A00%3A00Z&format=csv,data/raw/intermagnet/intermagnet_KAK_quasi-def_1min_20230401_20230430.csv,2678400,5d090045afd7ee093f13e038a7e2cc5ed15560cce060ea03dd417729aa34023e,2026-10-04T21:20:33.625722+00:00,"Definitive, 1min, dataset=kak/quasi-def/PT1M/xyzf"
INTERMAGNET_HAPI,KAK,https://imag-data.bgs.ac.uk/GIN_V1/hapi/data?dataset=kak%2Fquasi-def%2FPT1M%2Fxyzf&start=2023-05-01T00%3A00%3A00Z&stop=2023-06-01T00%3A00%3A00Z&format=csv,data/raw/intermagnet/intermagnet_KAK_quasi-def_1min_20230501_20230531.csv,2767680,f27305345c55004c7793cf2e58b0dcbb8491b198d5c8932364fc6a4d5ca7a62c,2026-10-04T21:20:37.819106+00:00,"Definitive, 1min, dataset=kak/quasi-def/PT1M/xyzf"
INTERMAGNET_HAPI,KAK,https://imag-data.bgs.ac.uk/GIN_V1/hapi/data?dataset=kak%2Fquasi-def%2FPT1M%2Fxyzf&start=2023-06-01T00%3A00%3A00Z&stop=2023-07-01T00%3A00%3A00Z&format=csv,data/raw/intermagnet/intermagnet_KAK_quasi-def_1min_20230601_20230630.csv,2678400,acb5f0968d94a7ee18c91d1855525ad3ea99b7d9a942202ce400611f20e328b8,2026-10-04T21:20:43.371207+00:00,"Definitive, 1min, dataset=kak/quasi-def/PT1M/xyzf"
INTERMAGNET_HAPI,KAK,https://imag-data.bgs.ac.uk/GIN_V1/hapi/data?dataset=kak%2Fquasi-def%2FPT1M%2Fxyzf&start=2023-07-01T00%3A00%3A00Z&stop=2023-08-01T00%3A00%3A00Z&format=csv,data/raw/intermagnet/intermagnet_KAK_quasi-def_1min_20230701_20230731.csv,2767680,ee18886d63c3a20b5da5119ab49ffdec49748ad15d2f73fe615ead87ee0c2203,2026-10-04T21:20:48.535997+00:00,"Definitive, 1min, dataset=kak/quasi-def/PT1M/xyzf"
INTERMAGNET_HAPI,KAK,https://imag-data.bgs.ac.uk/GIN_V1/hapi/data?dataset=kak%2Fquasi-def%2FPT1M%2Fxyzf&start=2023-08-01T00%3A00%3A00Z&stop=2023-09-01T00%3A00%3A00Z&format=csv,data/raw/intermagnet/intermagnet_KAK_quasi-def_1min_20230801_20230831.csv,2767680,357cc441dd5966f86161e068c5c1d4fff476a5af1c670df1638efecb3d67cb61,2026-10-04T21:20:54.047057+00:00,"Definitive, 1min, dataset=kak/quasi-def/PT1M/xyzf"
INTERMAGNET_HAPI,KAK,https://imag-data.bgs.ac.uk/GIN_V1/hapi/data?dataset=kak%2Fquasi-def%2FPT1M%2Fxyzf&start=2023-09-01T00%3A00%3A00Z&stop=2023-10-01T00%3A00%3A00Z&format=csv,data/raw/intermagnet/intermagnet_KAK_quasi-def_1min_20230901_20230930.csv,2678400,b22601e5d8f4a4971a2b67f0c0be390022a70cc39629928b9d50a7e1bb621055,2026-10-04T21:20:58.085776+00:00,"Definitive, 1min, dataset=kak/quasi-def/PT1M/xyzf"
INTERMAGNET_HAPI,KAK,https://imag-data.bgs.ac.uk/GIN_V1/hapi/data?dataset=kak%2Fquasi-def%2FPT1M%2Fxyzf&start=2023-10-01T00%3A00%3A00Z&stop=2023-11-01T00%3A00%3A00Z&format=csv,data/raw/intermagnet/intermagnet_KAK_quasi-def_1min_20231001_20231031.csv,2767680,904ba880866ba6255393ccf0b5f78bbc5f7d377ac9307853141771e99dfb2faf,2026-10-04T21:21:03.406830+00:00,"Definitive, 1min, dataset=kak/quasi-def/PT1M/xyzf"
INTERMAGNET_HAPI,KAK,https://imag-data.bgs.ac.uk/GIN_V1/hapi/data?dataset=kak%2Fquasi-def%2FPT1M%2Fxyzf&start=2023-11-01T00%3A00%3A00Z&stop=2023-12-01T00%3A00%3A00Z&format=csv,data/raw/intermagnet/intermagnet_KAK_quasi-def_1min_20231101_20231130.csv,2678400,69f9365fe465a7975fe4fd340bc0074e7d68614b3c6cc93547dedfdf49302889,2026-10-04T21:21:07.491167+00:00,"Definitive, 1min, dataset=kak/quasi-def/PT1M/xyzf"
INTERMAGNET_HAPI,KAK,https://imag-data.bgs.ac.uk/GIN_V1/hapi/data?dataset=kak%2Fquasi-def%2FPT1M%2Fxyzf&start=2023-12-01T00%3A00%3A00Z&stop=2024-01-01T00%3A00%3A00Z&format=csv,data/raw/intermagnet/intermagnet_KAK_quasi-def_1min_20231201_20231231.csv,2767680,7a3389756f54441719861035f0ab334cc7f672c4b6a32db336d3991666f6e16e,2026-10-04T21:21:11.539140+00:00,"Definitive, 1min, dataset=kak/quasi-def/PT1M/xyzf"
INTERMAGNET_HAPI,KAK,https://imag-data.bgs.ac.uk/GIN_V1/hapi/data?dataset=kak%2Fquasi-def%2FPT1M%2Fxyzf&start=2024-01-01T00%3A00%3A00Z&stop=2024-02-01T00%3A00%3A00Z&format=csv,data/raw/intermagnet/intermagnet_KAK_quasi-def_1min_20240101_20240131.csv,2767680,4ed5819a81a6bc321daacf7717d069c5780ea00b956e63f861b6f17a83b68356,2026-10-04T21:21:16.610553+00:00,"Definitive, 1min, dataset=kak/quasi-def/PT1M/xyzf"
INTERMAGNET_HAPI,KAK,https://imag-data.bgs.ac.uk/GIN_V1/hapi/data?dataset=kak%2Fquasi-def%2FPT1M%2Fxyzf&start=2024-02-01T00%3A00%3A00Z&stop=2024-03-01T00%3A00%3A00Z&format=csv,data/raw/intermagnet/intermagnet_KAK_quasi-def_1min_20240201_20240229.csv,2589120,df9f2221716d7c651fa7b5d98bb3daa13b7de9512fa5d8b260383dcc028dc756,2026-10-04T21:21:20.507654+00:00,"Definitive, 1min, dataset=kak/quasi-def/PT1M/xyzf"
INTERMAGNET_HAPI,KAK,https://imag-data.bgs.ac.uk/GIN_V1/hapi/data?dataset=kak%2Fquasi-def%2FPT1M%2Fxyzf&start=2024-03-01T00%3A00%3A00Z&stop=2024-04-01T00%3A00%3A00Z&format=csv,data/raw/intermagnet/intermagnet_KAK_quasi-def_1min_20240301_20240331.csv,2767680,63703563af527761fa7082c22cfe72ef36d20f75d0d04596633a2c3cbd2fa000,2026-10-04T21:21:26.687521+00:00,"Definitive, 1min, dataset=kak/quasi-def/PT1M/xyzf"
INTERMAGNET_HAPI,KAK,https://imag-data.bgs.ac.uk/GIN_V1/hapi/data?dataset=kak%2Fquasi-def%2FPT1M%2Fxyzf&start=2024-04-01T00%3A00%3A00Z&stop=2024-05-01T00%3A00%3A00Z&format=csv,data/raw/intermagnet/intermagnet_KAK_quasi-def_1min_20240401_20240430.csv,2678400,ace68b98a814ce77bc20d7a7d4f492a56d0a2d690c4e2afadd706cfee24b04a3,2026-10-04T21:21:30.920862+00:00,"Definitive, 1min, dataset=kak/quasi-def/PT1M/xyzf"
INTERMAGNET_HAPI,KAK,https://imag-data.bgs.ac.uk/GIN_V1/hapi/data?dataset=kak%2Fquasi-def%2FPT1M%2Fxyzf&start=2024-05-01T00%3A00%3A00Z&stop=2024-06-01T00%3A00%3A00Z&format=csv,data/raw/intermagnet/intermagnet_KAK_quasi-def_1min_20240501_20240531.csv,2767680,63e509fe756dd2241e1ae02ad4ac89d74bea44e2a6cf66b18726ab77081577ff,2026-10-04T21:21:35.129181+00:00,"Definitive, 1min, dataset=kak/quasi-def/PT1M/xyzf"
INTERMAGNET_HAPI,KAK,https://imag-data.bgs.ac.uk/GIN_V1/hapi/data?dataset=kak%2Fquasi-def%2FPT1M%2Fxyzf&start=2024-06-01T00%3A00%3A00Z&stop=2024-07-01T00%3A00%3A00Z&format=csv,data/raw/intermagnet/intermagnet_KAK_quasi-def_1min_20240601_20240630.csv,2678400,56d8d8031ede4e6bdd1e68b6c80160d2dee6a9cc6533aedd38b87f75560fcbfd,2026-10-04T21:21:39.098093+00:00,"Definitive, 1min, dataset=kak/quasi-def/PT1M/xyzf"
INTERMAGNET_HAPI,KAK,https://imag-data.bgs.ac.uk/GIN_V1/hapi/data?dataset=kak%2Fquasi-def%2FPT1M%2Fxyzf&start=2024-07-01T00%3A00%3A00Z&stop=2024-08-01T00%3A00%3A00Z&format=csv,data/raw/intermagnet/intermagnet_KAK_quasi-def_1min_20240701_20240731.csv,2767680,e9ea9653bd688f1e7f741264ce003dbcd86f0b6d5ed3be345327bfa032156c4b,2026-10-04T21:21:43.152189+00:00,"Definitive, 1min, dataset=kak/quasi-def/PT1M/xyzf"
INTERMAGNET_HAPI,KAK,https://imag-data.bgs.ac.uk/GIN_V1/hapi/data?dataset=kak%2Fquasi-def%2FPT1M%2Fxyzf&start=2024-08-01T00%3A00%3A00Z&stop=2024-09-01T00%3A00%3A00Z&format=csv,data/raw/intermagnet/intermagnet_KAK_quasi-def_1min_20240801_20240831.csv,2767680,6ba40a908542a8ac23840f652a281176a55a92149a9a7a0b04747656c95bfb12,2026-10-04T21:21:47.443679+00:00,"Definitive, 1min, dataset=kak/quasi-def/PT1M/xyzf"
INTERMAGNET_HAPI,KAK,https://imag-data.bgs.ac.uk/GIN_V1/hapi/data?dataset=kak%2Fquasi-def%2FPT1M%2Fxyzf&start=2024-09-01T00%3A00%3A00Z&stop=2024-10-01T00%3A00%3A00Z&format=csv,data/raw/intermagnet/intermagnet_KAK_quasi-def_1min_20240901_20240930.csv,2678400,c6c8c67e53a80fa7886ad0eb9ed4763d44011d75627dbce519aa42364290cd86,2026-10-04T21:21:51.415660+00:00,"Definitive, 1min, dataset=kak/quasi-def/PT1M/xyzf"
INTERMAGNET_HAPI,KAK,https://imag-data.bgs.ac.uk/GIN_V1/hapi/data?dataset=kak%2Fquasi-def%2FPT1M%2Fxyzf&start=2024-10-01T00%3A00%3A00Z&stop=2024-11-01T00%3A00%3A00Z&format=csv,data/raw/intermagnet/intermagnet_KAK_quasi-def_1min_20241001_20241031.csv,2767680,a25e635b27f7b63d23d240028ef3ceb5f789e8621a71a6bb7fd5ad8210a4e1df,2026-10-04T21:21:55.411506+00:00,"Definitive, 1min, dataset=kak/quasi-def/PT1M/xyzf"
INTERMAGNET_HAPI,KAK,https://imag-data.bgs.ac.uk/GIN_V1/hapi/data?dataset=kak%2Fquasi-def%2FPT1M%2Fxyzf&start=2024-11-01T00%3A00%3A00Z&stop=2024-12-01T00%3A00%3A00Z&format=csv,data/raw/intermagnet/intermagnet_KAK_quasi-def_1min_20241101_20241130.csv,2678400,1addd1a015f10fc8340d6399b20b3105289748554fc453fa3e57a85197a77bac,2026-10-04T21:22:00.269179+00:00,"Definitive, 1min, dataset=kak/quasi-def/PT1M/xyzf"
INTERMAGNET_HAPI,KAK,https://imag-data.bgs.ac.uk/GIN_V1/hapi/data?dataset=kak%2Fquasi-def%2FPT1M%2Fxyzf&start=2024-12-01T00%3A00%3A00Z&stop=2025-01-01T00%3A00%3A00Z&format=csv,data/raw/intermagnet/intermagnet_KAK_quasi-def_1min_20241201_20241231.csv,2767680,2495fa1758d1c890cde3bdba348010b39e85391b43b8c1432238d39297549d60,2026-10-04T21:22:04.487179+00:00,"Definitive, 1min, dataset=kak/quasi-def/PT1M/xyzf"
INTERMAGNET_HAPI,KAK,https://imag-data.bgs.ac.uk/GIN_V1/hapi/data?dataset=kak%2Fquasi-def%2FPT1M%2Fxyzf&start=2025-01-01T00%3A00%3A00Z&stop=2025-02-01T00%3A00%3A00Z&format=csv,data/raw/intermagnet/intermagnet_KAK_quasi-def_1min_20250101_20250131.csv,2767680,9cffcaae5f2bdfc6256e8675e39f4fbf864eae4656228980e0acc2aa5231d821,2026-10-04T21:22:08.669329+00:00,"Definitive, 1min, dataset=kak/quasi-def/PT1M/xyzf"
INTERMAGNET_HAPI,KAK,https://imag-data.bgs.ac.uk/GIN_V1/hapi/data?dataset=kak%2Fquasi-def%2FPT1M%2Fxyzf&start=2025-02-01T00%3A00%3A00Z&stop=2025-03-01T00%3A00%3A00Z&format=csv,data/raw/intermagnet/intermagnet_KAK_quasi-def_1min_20250201_20250228.csv,2499840,01e8d5fa895db32447a7e0598e196cdb5d4f510a31209b08dde8155564890a9c,2026-10-04T21:22:12.638539+00:00,"Definitive, 1min, dataset=kak/quasi-def/PT1M/xyzf"
INTERMAGNET_HAPI,KAK,https://imag-data.bgs.ac.uk/GIN_V1/hapi/data?dataset=kak%2Fquasi-def%2FPT1M%2Fxyzf&start=2025-03-01T00%3A00%3A00Z&stop=2025-04-01T00%3A00%3A00Z&format=csv,data/raw/intermagnet/intermagnet_KAK_quasi-def_1min_20250301_20250331.csv,2767680,66599d65b6fb09378e75877e16551f2f09153b526b20a16fcc6b12eb9afac13a,2026-10-04T21:22:16.635326+00:00,"Definitive, 1min, dataset=kak/quasi-def/PT1M/xyzf"
INTERMAGNET_HAPI,KAK,https://imag-data.bgs.ac.uk/GIN_V1/hapi/data?dataset=kak%2Fquasi-def%2FPT1M%2Fxyzf&start=2025-04-01T00%3A00%3A00Z&stop=2025-05-01T00%3A00%3A00Z&format=csv,data/raw/intermagnet/intermagnet_KAK_quasi-def_1min_20250401_20250430.csv,2678400,fbc0d3a03ec96468439407a5e25eac1ae9d005c7a937b3e156bfa1ca1a6c6a5e,2026-10-04T21:22:20.533219+00:00,"Definitive, 1min, dataset=kak/quasi-def/PT1M/xyzf"
INTERMAGNET_HAPI,KAK,https://imag-data.bgs.ac.uk/GIN_V1/hapi/data?dataset=kak%2Fquasi-def%2FPT1M%2Fxyzf&start=2025-05-01T00%3A00%3A00Z&stop=2025-06-01T00%3A00%3A00Z&format=csv,data/raw/intermagnet/intermagnet_KAK_quasi-def_1min_20250501_20250531.csv,2767680,c3c01fa5fd61c8fec3a349eeec1879c11a45bec7eda7f70abdc9bc023cd011a0,2026-10-04T21:22:24.649428+00:00,"Definitive, 1min, dataset=kak/quasi-def/PT1M/xyzf"
INTERMAGNET_HAPI,KAK,https://imag-data.bgs.ac.uk/GIN_V1/hapi/data?dataset=kak%2Fquasi-def%2FPT1M%2Fxyzf&start=2025-06-01T00%3A00%3A00Z&stop=2025-07-01T00%3A00%3A00Z&format=csv,data/raw/intermagnet/intermagnet_KAK_quasi-def_1min_20250601_20250630.csv,2678400,35428c2aff8af56d66fe8e40c7e8d73d49113470c75e4e29f7de0b96fd86176d,2026-10-04T21:22:28.625799+00:00,"Definitive, 1min, dataset=kak/quasi-def/PT1M/xyzf"
INTERMAGNET_HAPI,KAK,https://imag-data.bgs.ac.uk/GIN_V1/hapi/data?dataset=kak%2Fquasi-def%2FPT1M%2Fxyzf&start=2025-07-01T00%3A00%3A00Z&stop=2025-08-01T00%3A00%3A00Z&format=csv,data/raw/intermagnet/intermagnet_KAK_quasi-def_1min_20250701_20250731.csv,2767680,cd469b30882c4d494f497fdd708284a621a7036060a7f15112950b7754388106,2026-10-04T21:22:32.302869+00:00,"Definitive, 1min, dataset=kak/quasi-def/PT1M/xyzf"
INTERMAGNET_HAPI,KAK,https://imag-data.bgs.ac.uk/GIN_V1/hapi/data?dataset=kak%2Fquasi-def%2FPT1M%2Fxyzf&start=2025-08-01T00%3A00%3A00Z&stop=2025-09-01T00%3A00%3A00Z&format=csv,data/raw/intermagnet/intermagnet_KAK_quasi-def_1min_20250801_20250831.csv,2767680,b60642019d25332818db3a9e8b59d408b34f8553a5ab722a8cbf16abbd7ffb40,2026-10-04T21:22:36.090457+00:00,"Definitive, 1min, dataset=kak/quasi-def/PT1M/xyzf"
INTERMAGNET_HAPI,KAK,https://imag-data.bgs.ac.uk/GIN_V1/hapi/data?dataset=kak%2Fquasi-def%2FPT1M%2Fxyzf&start=2025-09-01T00%3A00%3A00Z&stop=2025-10-01T00%3A00%3A00Z&format=csv,data/raw/intermagnet/intermagnet_KAK_quasi-def_1min_20250901_20250930.csv,2678400,e5ecba32dd8ec353d89398f78f0383c96fa96479b1ebc4dff10acd124b71f9cd,2026-10-04T21:22:40.155326+00:00,"Definitive, 1min, dataset=kak/quasi-def/PT1M/xyzf"
INTERMAGNET_HAPI,KAK,https://imag-data.bgs.ac.uk/GIN_V1/hapi/data?dataset=kak%2Fquasi-def%2FPT1M%2Fxyzf&start=2025-10-01T00%3A00%3A00Z&stop=2025-11-01T00%3A00%3A00Z&format=csv,data/raw/intermagnet/intermagnet_KAK_quasi-def_1min_20251001_20251031.csv,2767680,43ce664e11490d84c0d6cb36ca1c80a186ad3d38bc5000dfc235e7c355c3d0bb,2026-10-04T21:22:43.861258+00:00,"Definitive, 1min, dataset=kak/quasi-def/PT1M/xyzf"
INTERMAGNET_HAPI,KAK,https://imag-data.bgs.ac.uk/GIN_V1/hapi/data?dataset=kak%2Fquasi-def%2FPT1M%2Fxyzf&start=2025-11-01T00%3A00%3A00Z&stop=2025-12-01T00%3A00%3A00Z&format=csv,data/raw/intermagnet/intermagnet_KAK_quasi-def_1min_20251101_20251130.csv,2678400,ff72ec69cb16da0a0386916683f182d12ff3d1a7fb34e5309ad68a65d9ffb9d0,2026-10-04T21:22:47.856181+00:00,"Definitive, 1min, dataset=kak/quasi-def/PT1M/xyzf"
INTERMAGNET_HAPI,KAK,https://imag-data.bgs.ac.uk/GIN_V1/hapi/data?dataset=kak%2Fquasi-def%2FPT1M%2Fxyzf&start=2025-12-01T00%3A00%3A00Z&stop=2026-01-01T00%3A00%3A00Z&format=csv,data/raw/intermagnet/intermagnet_KAK_quasi-def_1min_20251201_20251231.csv,2767680,e8ea096c59eeffa69cef801f06d3dc3e72c916db8ce05d51ceded5313a94f6bf,2026-10-04T21:22:52.651041+00:00,"Definitive, 1min, dataset=kak/quasi-def/PT1M/xyzf"
INTERMAGNET_HAPI,KAK,https://imag-data.bgs.ac.uk/GIN_V1/hapi/data?dataset=kak%2Fquasi-def%2FPT1M%2Fxyzf&start=2026-01-01T00%3A00%3A00Z&stop=2026-02-01T00%3A00%3A00Z&format=csv,data/raw/intermagnet/intermagnet_KAK_quasi-def_1min_20260101_20260131.csv,2767680,7d46486d0f9b48c131581a695c9985d145e77823170f0410359fe26a6b24d843,2026-10-04T21:22:56.638309+00:00,"Definitive, 1min, dataset=kak/quasi-def/PT1M/xyzf"
INTERMAGNET_HAPI,KAK,https://imag-data.bgs.ac.uk/GIN_V1/hapi/data?dataset=kak%2Fquasi-def%2FPT1M%2Fxyzf&start=2026-02-01T00%3A00%3A00Z&stop=2026-03-01T00%3A00%3A00Z&format=csv,data/raw/intermagnet/intermagnet_KAK_quasi-def_1min_20260201_20260228.csv,2499840,f2ae4b8b4a08824762da5ea376382bd060fd0db65a18c31c2841a624a06f7a55,2026-10-04T21:22:59.907653+00:00,"Definitive, 1min, dataset=kak/quasi-def/PT1M/xyzf"
INTERMAGNET_HAPI,KAK,https://imag-data.bgs.ac.uk/GIN_V1/hapi/data?dataset=kak%2Fquasi-def%2FPT1M%2Fxyzf&start=2026-03-01T00%3A00%3A00Z&stop=2026-04-01T00%3A00%3A00Z&format=csv,data/raw/intermagnet/intermagnet_KAK_quasi-def_1min_20260301_20260331.csv,2767680,35110e4bd583aa30f4a52ee89d52892736775f6656bf06b6bc27a33f866e3f2d,2026-10-04T21:23:04.073502+00:00,"Definitive, 1min, dataset=kak/quasi-def/PT1M/xyzf"
