period_start,period_end,url_full,count_api,actual_rows,count_match,file_path,file_size_bytes,sha256,downloaded_at,note
2023-01-01,2023-03-31,https://earthquake.usgs.gov/fdsnws/event/1/query?format=csv&starttime=2023-01-01&endtime=2023-03-31&minlatitude=24.0&maxlatitude=46.0&minlongitude=122.0&maxlongitude=150.0&minmagnitude=4.0&eventtype=earthquake&orderby=time-asc,230,230,True,data/raw/usgs/usgs_JP_M4_20230101_20230331.csv,43030,8fc253c1c4bee95cd6f0421f205c39406eed5cc89cf6cb66cc4ad9e3c111feaa,2026-10-04T22:02:40.928595+00:00,
2023-04-01,2023-06-30,https://earthquake.usgs.gov/fdsnws/event/1/query?format=csv&starttime=2023-04-01&endtime=2023-06-30&minlatitude=24.0&maxlatitude=46.0&minlongitude=122.0&maxlongitude=150.0&minmagnitude=4.0&eventtype=earthquake&orderby=time-asc,310,310,True,data/raw/usgs/usgs_JP_M4_20230401_20230630.csv,58147,33bb6a7bce10a10e9107720c12554ed818bd79a78ac143a81c8f6d5161984e7d,2026-10-04T22:02:42.019804+00:00,
2023-07-01,2023-09-30,https://earthquake.usgs.gov/fdsnws/event/1/query?format=csv&starttime=2023-07-01&endtime=2023-09-30&minlatitude=24.0&maxlatitude=46.0&minlongitude=122.0&maxlongitude=150.0&minmagnitude=4.0&eventtype=earthquake&orderby=time-asc,282,282,True,data/raw/usgs/usgs_JP_M4_20230701_20230930.csv,52840,528ebe90f82a293c28b144ad92316fc12f916a695cce5db4f98711bd1edd92f7,2026-10-04T22:02:42.968357+00:00,
2023-10-01,2023-12-31,https://earthquake.usgs.gov/fdsnws/event/1/query?format=csv&starttime=2023-10-01&endtime=2023-12-31&minlatitude=24.0&maxlatitude=46.0&minlongitude=122.0&maxlongitude=150.0&minmagnitude=4.0&eventtype=earthquake&orderby=time-asc,459,459,True,data/raw/usgs/usgs_JP_M4_20231001_20231231.csv,85193,71c1027107c1d74789df59bddda00703e735a86dbc4d3d8c115ab6ae4dd3a81f,2026-10-04T22:02:44.003260+00:00,
2024-01-01,2024-03-31,https://earthquake.usgs.gov/fdsnws/event/1/query?format=csv&starttime=2024-01-01&endtime=2024-03-31&minlatitude=24.0&maxlatitude=46.0&minlongitude=122.0&maxlongitude=150.0&minmagnitude=4.0&eventtype=earthquake&orderby=time-asc,370,370,True,data/raw/usgs/usgs_JP_M4_20240101_20240331.csv,68849,6d42accc765623054700509487e48ad6be9e2191a71388f0748db5b18c7e28ed,2026-10-04T22:02:45.252509+00:00,
2024-04-01,2024-06-30,https://earthquake.usgs.gov/fdsnws/event/1/query?format=csv&starttime=2024-04-01&endtime=2024-06-30&minlatitude=24.0&maxlatitude=46.0&minlongitude=122.0&maxlongitude=150.0&minmagnitude=4.0&eventtype=earthquake&orderby=time-asc,232,232,True,data/raw/usgs/usgs_JP_M4_20240401_20240630.csv,43601,1efd99a861b17e4fbefa5d7ed242a887e399c62932bb46e7c7193415e9e5944f,2026-10-04T22:02:46.515321+00:00,
2024-07-01,2024-09-30,https://earthquake.usgs.gov/fdsnws/event/1/query?format=csv&starttime=2024-07-01&endtime=2024-09-30&minlatitude=24.0&maxlatitude=46.0&minlongitude=122.0&maxlongitude=150.0&minmagnitude=4.0&eventtype=earthquake&orderby=time-asc,253,253,True,data/raw/usgs/usgs_JP_M4_20240701_20240930.csv,47587,56e1647e34aad5dea8adcd3cf0c4eb70955090b02b79368074ce41216b00cd4e,2026-10-04T22:02:47.731283+00:00,
2024-10-01,2024-12-31,https://earthquake.usgs.gov/fdsnws/event/1/query?format=csv&starttime=2024-10-01&endtime=2024-12-31&minlatitude=24.0&maxlatitude=46.0&minlongitude=122.0&maxlongitude=150.0&minmagnitude=4.0&eventtype=earthquake&orderby=time-asc,325,325,True,data/raw/usgs/usgs_JP_M4_20241001_20241231.csv,60774,69d55f76c15bfd17285727d9b420a776c08fe9682cd32dc7147199bfa1320666,2026-10-04T22:02:48.827326+00:00,
2025-01-01,2025-03-31,https://earthquake.usgs.gov/fdsnws/event/1/query?format=csv&starttime=2025-01-01&endtime=2025-03-31&minlatitude=24.0&maxlatitude=46.0&minlongitude=122.0&maxlongitude=150.0&minmagnitude=4.0&eventtype=earthquake&orderby=time-asc,252,252,True,data/raw/usgs/usgs_JP_M4_20250101_20250331.csv,47301,1efa465e5cabec2484531dc14cac2415c8fadd09bdaf29ee4de6c97cefd234fa,2026-10-04T22:02:50.042682+00:00,
2025-04-01,2025-06-30,https://earthquake.usgs.gov/fdsnws/event/1/query?format=csv&starttime=2025-04-01&endtime=2025-06-30&minlatitude=24.0&maxlatitude=46.0&minlongitude=122.0&maxlongitude=150.0&minmagnitude=4.0&eventtype=earthquake&orderby=time-asc,286,286,True,data/raw/usgs/usgs_JP_M4_20250401_20250630.csv,53585,4f008f95799ec252630c370bb8d2a77945d0d3b9f8faf0d9181a3015e28c82e4,2026-10-04T22:02:50.986893+00:00,
2025-07-01,2025-09-30,https://earthquake.usgs.gov/fdsnws/event/1/query?format=csv&starttime=2025-07-01&endtime=2025-09-30&minlatitude=24.0&maxlatitude=46.0&minlongitude=122.0&maxlongitude=150.0&minmagnitude=4.0&eventtype=earthquake&orderby=time-asc,335,335,True,data/raw/usgs/usgs_JP_M4_20250701_20250930.csv,62479,b22aadfe4299fef14543878be6251871a789dd48fe0209f2d77cb8010e1058fa,2026-10-04T22:02:51.992376+00:00,
2025-10-01,2025-12-31,https://earthquake.usgs.gov/fdsnws/event/1/query?format=csv&starttime=2025-10-01&endtime=2025-12-31&minlatitude=24.0&maxlatitude=46.0&minlongitude=122.0&maxlongitude=150.0&minmagnitude=4.0&eventtype=earthquake&orderby=time-asc,454,454,True,data/raw/usgs/usgs_JP_M4_20251001_20251231.csv,84718,35ca4fc3c71b7841bfe51175322da10732ed9d021b8e454cb2007d12271a5065,2026-10-04T22:02:53.019214+00:00,
2026-01-01,2026-03-31,https://earthquake.usgs.gov/fdsnws/event/1/query?format=csv&starttime=2026-01-01&endtime=2026-03-31&minlatitude=24.0&maxlatitude=46.0&minlongitude=122.0&maxlongitude=150.0&minmagnitude=4.0&eventtype=earthquake&orderby=time-asc,358,358,True,data/raw/usgs/usgs_JP_M4_20260101_20260331.csv,66802,e55704fc16b3d7a36509ed5a6f0e453d642917b25467b2bc2784b5d10194e8fc,2026-10-04T22:02:54.343832+00:00,
2023-01-01T00:00:00+00:00,2023-04-01T00:00:00+00:00,2023-01-01T00:00:00+00:00,2023-04-01T00:00:00+00:00,236,236,True,data/raw/usgs/usgs_JP_M4_20230101T000000_20230401T000000.csv,44172,ac934a7df57bc19a77b56ce32249235ed82de4f5ac5b6e7895644226ffa19742,2026-10-04T22:13:42.377090+00:00,
2023-04-01T00:00:00+00:00,2023-07-01T00:00:00+00:00,2023-04-01T00:00:00+00:00,2023-07-01T00:00:00+00:00,312,312,True,data/raw/usgs/usgs_JP_M4_20230401T000000_20230701T000000.csv,58521,f7b5774221f8fe6e8c74fddf2a9680f3cc80e8cc1d0e6bc513d7ab1f50652238,2026-10-04T22:13:44.608235+00:00,
2023-07-01T00:00:00+00:00,2023-10-01T00:00:00+00:00,2023-07-01T00:00:00+00:00,2023-10-01T00:00:00+00:00,287,287,True,data/raw/usgs/usgs_JP_M4_20230701T000000_20231001T000000.csv,53755,ea4c9814250a4b3499804346d9e6d5ed2fdc7c0db0b22742ddb88787d93293e8,2026-10-04T22:13:46.880114+00:00,
2023-10-01T00:00:00+00:00,2024-01-01T00:00:00+00:00,2023-10-01T00:00:00+00:00,2024-01-01T00:00:00+00:00,462,462,True,data/raw/usgs/usgs_JP_M4_20231001T000000_20240101T000000.csv,85762,ab5f90c2afb8675d6b18590c7d718e700555412e53dbacb00152394462f77d7c,2026-10-04T22:13:48.597582+00:00,
2024-01-01T00:00:00+00:00,2024-04-01T00:00:00+00:00,2024-01-01T00:00:00+00:00,2024-04-01T00:00:00+00:00,371,371,True,data/raw/usgs/usgs_JP_M4_20240101T000000_20240401T000000.csv,69033,518aef0225dd319da70a381b19df65613ec63438a2a2d016cb76dcfb8067a03a,2026-10-04T22:13:50.544619+00:00,
2024-04-01T00:00:00+00:00,2024-07-01T00:00:00+00:00,2024-04-01T00:00:00+00:00,2024-07-01T00:00:00+00:00,236,236,True,data/raw/usgs/usgs_JP_M4_20240401T000000_20240701T000000.csv,44354,125052fe64f13452c4f1fb7b5bdc0b11bd1e746e08bca3d15b98ecfde313264d,2026-10-04T22:13:52.694490+00:00,
2024-07-01T00:00:00+00:00,2024-10-01T00:00:00+00:00,2024-07-01T00:00:00+00:00,2024-10-01T00:00:00+00:00,253,253,True,data/raw/usgs/usgs_JP_M4_20240701T000000_20241001T000000.csv,47587,56e1647e34aad5dea8adcd3cf0c4eb70955090b02b79368074ce41216b00cd4e,2026-10-04T22:13:54.537601+00:00,
2024-10-01T00:00:00+00:00,2025-01-01T00:00:00+00:00,2024-10-01T00:00:00+00:00,2025-01-01T00:00:00+00:00,326,326,True,data/raw/usgs/usgs_JP_M4_20241001T000000_20250101T000000.csv,60957,6c8cc3891539a03c5ab647948a401a53aaad41db3752bf07286e29bb165914da,2026-10-04T22:13:56.699783+00:00,
2025-01-01T00:00:00+00:00,2025-04-01T00:00:00+00:00,2025-01-01T00:00:00+00:00,2025-04-01T00:00:00+00:00,255,255,True,data/raw/usgs/usgs_JP_M4_20250101T000000_20250401T000000.csv,47851,145011c91f9fa8f81fd9a956aaea4905f32b3f8f9d8c6c3753624f3828ea3877,2026-10-04T22:13:58.845844+00:00,
2025-04-01T00:00:00+00:00,2025-07-01T00:00:00+00:00,2025-04-01T00:00:00+00:00,2025-07-01T00:00:00+00:00,292,292,True,data/raw/usgs/usgs_JP_M4_20250401T000000_20250701T000000.csv,54692,606d7ef3a34083b4ee5ddbec2970469d74a9e68d24c8a85e1366c3727d59c2d9,2026-10-04T22:14:00.578896+00:00,
2025-07-01T00:00:00+00:00,2025-10-01T00:00:00+00:00,2025-07-01T00:00:00+00:00,2025-10-01T00:00:00+00:00,335,335,True,data/raw/usgs/usgs_JP_M4_20250701T000000_20251001T000000.csv,62479,b22aadfe4299fef14543878be6251871a789dd48fe0209f2d77cb8010e1058fa,2026-10-04T22:14:02.524293+00:00,
2025-10-01T00:00:00+00:00,2026-01-01T00:00:00+00:00,2025-10-01T00:00:00+00:00,2026-01-01T00:00:00+00:00,460,460,True,data/raw/usgs/usgs_JP_M4_20251001T000000_20260101T000000.csv,85827,2355b5b15640dda3f7abb35bc22ecf797f8b7b98ac2f22d261d46b140b785f30,2026-10-04T22:14:04.476692+00:00,
2026-01-01T00:00:00+00:00,2026-04-01T00:00:00+00:00,2026-01-01T00:00:00+00:00,2026-04-01T00:00:00+00:00,359,359,True,data/raw/usgs/usgs_JP_M4_20260101T000000_20260401T000000.csv,66992,974c8a232e5478fc5310d11f5f890f63c16b8f2c623e3b2d2b009fee8c49a529,2026-10-04T22:14:06.318065+00:00,
2023-01-01T00:00:00+00:00,2023-04-01T00:00:00+00:00,2023-01-01T00:00:00+00:00,2023-04-01T00:00:00+00:00,236,236,True,data/raw/usgs/usgs_JP_M4_20230101T000000_20230401T000000.csv,44172,ac934a7df57bc19a77b56ce32249235ed82de4f5ac5b6e7895644226ffa19742,2026-10-04T23:04:30.169829+00:00,
2023-04-01T00:00:00+00:00,2023-07-01T00:00:00+00:00,2023-04-01T00:00:00+00:00,2023-07-01T00:00:00+00:00,312,312,True,data/raw/usgs/usgs_JP_M4_20230401T000000_20230701T000000.csv,58521,f7b5774221f8fe6e8c74fddf2a9680f3cc80e8cc1d0e6bc513d7ab1f50652238,2026-10-04T23:04:32.168716+00:00,
2023-07-01T00:00:00+00:00,2023-10-01T00:00:00+00:00,2023-07-01T00:00:00+00:00,2023-10-01T00:00:00+00:00,287,287,True,data/raw/usgs/usgs_JP_M4_20230701T000000_20231001T000000.csv,53755,ea4c9814250a4b3499804346d9e6d5ed2fdc7c0db0b22742ddb88787d93293e8,2026-10-04T23:04:34.036005+00:00,
2023-10-01T00:00:00+00:00,2024-01-01T00:00:00+00:00,2023-10-01T00:00:00+00:00,2024-01-01T00:00:00+00:00,462,462,True,data/raw/usgs/usgs_JP_M4_20231001T000000_20240101T000000.csv,85762,ab5f90c2afb8675d6b18590c7d718e700555412e53dbacb00152394462f77d7c,2026-10-04T23:04:36.214501+00:00,
2024-01-01T00:00:00+00:00,2024-04-01T00:00:00+00:00,2024-01-01T00:00:00+00:00,2024-04-01T00:00:00+00:00,371,371,True,data/raw/usgs/usgs_JP_M4_20240101T000000_20240401T000000.csv,69033,518aef0225dd319da70a381b19df65613ec63438a2a2d016cb76dcfb8067a03a,2026-10-04T23:04:38.057216+00:00,
2024-04-01T00:00:00+00:00,2024-07-01T00:00:00+00:00,2024-04-01T00:00:00+00:00,2024-07-01T00:00:00+00:00,236,236,True,data/raw/usgs/usgs_JP_M4_20240401T000000_20240701T000000.csv,44354,125052fe64f13452c4f1fb7b5bdc0b11bd1e746e08bca3d15b98ecfde313264d,2026-10-04T23:04:39.884064+00:00,
2024-07-01T00:00:00+00:00,2024-10-01T00:00:00+00:00,2024-07-01T00:00:00+00:00,2024-10-01T00:00:00+00:00,253,253,True,data/raw/usgs/usgs_JP_M4_20240701T000000_20241001T000000.csv,47587,56e1647e34aad5dea8adcd3cf0c4eb70955090b02b79368074ce41216b00cd4e,2026-10-04T23:04:41.857903+00:00,
2024-10-01T00:00:00+00:00,2025-01-01T00:00:00+00:00,2024-10-01T00:00:00+00:00,2025-01-01T00:00:00+00:00,326,326,True,data/raw/usgs/usgs_JP_M4_20241001T000000_20250101T000000.csv,60957,6c8cc3891539a03c5ab647948a401a53aaad41db3752bf07286e29bb165914da,2026-10-04T23:04:43.705976+00:00,
2025-01-01T00:00:00+00:00,2025-04-01T00:00:00+00:00,2025-01-01T00:00:00+00:00,2025-04-01T00:00:00+00:00,255,255,True,data/raw/usgs/usgs_JP_M4_20250101T000000_20250401T000000.csv,47851,145011c91f9fa8f81fd9a956aaea4905f32b3f8f9d8c6c3753624f3828ea3877,2026-10-04T23:04:45.622770+00:00,
2025-04-01T00:00:00+00:00,2025-07-01T00:00:00+00:00,2025-04-01T00:00:00+00:00,2025-07-01T00:00:00+00:00,292,292,True,data/raw/usgs/usgs_JP_M4_20250401T000000_20250701T000000.csv,54692,606d7ef3a34083b4ee5ddbec2970469d74a9e68d24c8a85e1366c3727d59c2d9,2026-10-04T23:04:47.266275+00:00,
2025-07-01T00:00:00+00:00,2025-10-01T00:00:00+00:00,2025-07-01T00:00:00+00:00,2025-10-01T00:00:00+00:00,335,335,True,data/raw/usgs/usgs_JP_M4_20250701T000000_20251001T000000.csv,62479,b22aadfe4299fef14543878be6251871a789dd48fe0209f2d77cb8010e1058fa,2026-10-04T23:04:49.259135+00:00,
2025-10-01T00:00:00+00:00,2026-01-01T00:00:00+00:00,2025-10-01T00:00:00+00:00,2026-01-01T00:00:00+00:00,460,460,True,data/raw/usgs/usgs_JP_M4_20251001T000000_20260101T000000.csv,85827,2355b5b15640dda3f7abb35bc22ecf797f8b7b98ac2f22d261d46b140b785f30,2026-10-04T23:04:51.380733+00:00,
2026-01-01T00:00:00+00:00,2026-04-01T00:00:00+00:00,2026-01-01T00:00:00+00:00,2026-04-01T00:00:00+00:00,359,359,True,data/raw/usgs/usgs_JP_M4_20260101T000000_20260401T000000.csv,66992,974c8a232e5478fc5310d11f5f890f63c16b8f2c623e3b2d2b009fee8c49a529,2026-10-04T23:04:53.235253+00:00,
